{
  "issueId":  "{issueId}",
  "issueIdReadable": "{issueIdReadable}",
  "inactivityPeriodInMills": "{inactivityPeriodInMills}",
  "type": "{type}",
  "scheduledPeriod": "{scheduledPeriod}",
  "recordedTime": "{recordedTime}",
  "timeInMills": "{timeInMills}",
  "startTime": "{startTime}",
  "comment": "{comment}",
  "isManualTrackingEnable": "{isManualTrackingEnable}",
  "isScheduledEnabled": "{isScheduledEnabled}",
  "isWhenProjectClosedEnabled": "{isWhenProjectClosedEnabled}",
  "isPostAfterCommitEnabled": "{isPostAfterCommitEnabled}",
  "isAutoTrackingEnable": "{isAutoTrackingEnable}"
}